{
  "train_loss": [
    1.3531736956702338,
    1.2304216345151266,
    1.1789697524574068,
    1.119684131277932,
    1.0698118133677377,
    1.0149219552675883,
    0.9754294508033329,
    0.941347579161326,
    0.8987546755207909,
    0.8646067248450385,
    0.8387060301171408,
    0.8102250383959876
  ],
  "val_loss": [
    1.299750944463218,
    1.1929371502341293,
    1.1432749381879481,
    1.1042252909846422,
    1.0378459372171542,
    1.0630484034375447,
    0.9490267314561983,
    0.9264089741357943,
    0.8509145408141904,
    0.8679130455342735,
    0.8256837856478807,
    0.7792005495327275
  ],
  "val_iou": [
    0.3250217634003337,
    0.33508193819988064,
    0.330401826740765,
    0.3768119561236079,
    0.3453827296815267,
    0.3844957577019203,
    0.41473978539792505,
    0.42319962345972295,
    0.46651755673129386,
    0.4465223358171742,
    0.4641085895823269,
    0.5187079586633822
  ],
  "val_dice": [
    0.4460733925423971,
    0.4555324781231764,
    0.4494885100824077,
    0.49918186955335664,
    0.4640035582024877,
    0.512480922225045,
    0.5404217170505989,
    0.550620832821218,
    0.591676149426437,
    0.5740754480768995,
    0.5892292355618826,
    0.6432150689567008
  ],
  "best_epoch": 12,
  "best_val_dice": 0.6432150689567008
}